[
    {
        "video_id": "164317_clip_5.mp4",
        "QA": {
            "q": "What is the current level of student engagement in this video?",
            "a": "Student appears disengaged with a blank or distracted facial expression, often looking away from the screen indicating barely engagement level."
        }
    },
    {
        "video_id": "164317_clip_6.mp4",
        "QA": {
            "q": "How to assess student engagement in this video?",
            "a": "Student shows minimal interaction with the video, indicating a barely engaged level."
        }
    },
    {
        "video_id": "164317_clip_8.mp4",
        "QA": {
            "q": "How actively is the student engaged in this video?",
            "a": "The student occasionally glances at the screen and shows limited eye contact during key explanations, indicating a barely engaged level."
        }
    },
    {
        "video_id": "164322_clip_5.mp4",
        "QA": {
            "q": "How engaged are students in this video?",
            "a": "Student is visibly attentive, with frequent nodding and engaged facial expressions indicating high engagement."
        }
    },
    {
        "video_id": "164323_clip_2.mp4",
        "QA": {
            "q": "How actively is the student engaged in this video?",
            "a": "Student maintains consistent interaction with the video indicating highly engaged level."
        }
    },
    {
        "video_id": "164326_clip_3.mp4",
        "QA": {
            "q": "How actively is the student engaged in this video?",
            "a": "The student occasionally glances at the screen and shows limited eye contact during key explanations, indicating a barely engaged level."
        }
    },
    {
        "video_id": "164326_clip_4.mp4",
        "QA": {
            "q": "How actively is the student engaged in this video?.",
            "a": "The student remains passive and avoids eye contact with the screen during a key explanation, indicating a lack or not engaged level."
        }
    },
    {
        "video_id": "164327_clip_4.mp4",
        "QA": {
            "q": "What is the current level of student engagement in this video?",
            "a": "Student appears disengaged with a blank or distracted facial expression, often looking away from the screen indicating barely engagement level."
        }
    },
    {
        "video_id": "164396_clip_1.mp4",
        "QA": {
            "q": "How actively is the student engaged in this video?.",
            "a": "Student's body language is relaxed, with occasional shifts in posture, reflecting a standard level of engagement."
        }
    },
    {
        "video_id": "164413_clip_2.mp4",
        "QA": {
            "q": "Write an informative summary of the driving scene, including the interactions between the vehicle, traffic participants and environment.",
            "a": "The journey starts with the ego-car moving forward and shifting to the right to join the road. Initially, the scene is calm with a clear stretch of road in front of the car. The driver seizes the opportunity to advance, keeping the car moving forward, maintaining a steady pace. \n\nNext, the road ahead starts to curve slightly. The driver adeptly responds to this change in the environment, steering the car slightly to the right to follow the curve of the road. This maneuver indicates not only a response to the road layout but also an anticipation of the traffic situation that might be around the bend.\n\nThen, as the curve straightens out, the driver adjusts once more, guiding the car back onto a straight path. The interaction between the driver, the car, and the road is smooth and seamless throughout."
        }
    }
    {
        "video_id": "164420_clip_2.mp4",
        "QA": {
            "q": "How to assess student engagement in this video?.",
            "a": "Student shows minimal interaction with the video, indicating a barely engaged level."
        }
    }
]